falling time (s),distance fallen (m)
0.09,0.5
0.4,1.3632562350206614
0.85,3.56275896669431
1.05,4.099606640353692
1.4,12.03526572223759
1.85,14.935392435039843
2.82,39.562027631650906
